{
	"noise_model":
	{
		"B01":[0.23983,	0.00016189],
		"B02":[0.52093,	0.01042],
		"B03":[0.42808, 0.00904],
		"B04":[0.44495, 0.00946],
		"B05":[0.54075, 0.00562],
		"B06":[0.53454, 0.00624],
		"B07":[0.53097, 0.00512],
		"B08":[0.53093, 0.01307],
		"B8A":[0.53054, 0.00976],
		"B09":[0.24203, 0.00082],
		"B10":[0.48941, 0.00140],
		"B11":[0.65615,	0.0024],
		"B12":[0.71003,	0.0024]
	
	},
	"Lref":
	{
		"B01":129,
		"B02":128,
		"B03":128,
		"B04":108,
		"B05":74.6,
		"B06":68.23,
		"B07":66.7,
		"B08":103,
		"B8A":52.4,
		"B09":8.77,
		"B10":6,
		"B11":4,
		"B12":1.7
	},
	"Gains":
	{
		"B01":4.02456458,
		"B02":3.85904196,
		"B03":4.27535219,
		"B04":4.81753489,
		"B05":5.23206138,
		"B06":5.13300778,
		"B07":4.81001173,
		"B08":6.88556205,
		"B8A":5.81163355,
		"B09":9.45586641,
		"B10":56.299593,
		"B11":37.102072,
		"B12":108.56237
	}
}
